loan_id,gender,married,dependents,education,self_employed,applicant_income,coapplicant_income,loan_amount,loan_amount_term,credit_history,property_area,loan_status
LP001003,Male,Yes,1,Graduate,No,4583.0,1508.0,128.0,360.0,1.0,Rural,0.0
LP001005,Male,Yes,0,Graduate,,3000.0,0.0,66.0,360.0,1.0,Urban,1.0
LP001006,Male,Yes,0,Not Graduate,No,2583.0,2358.0,120.0,360.0,1.0,Urban,1.0
LP001008,Male,No,0,Graduate,No,6000.0,0.0,141.0,360.0,1.0,Urban,1.0
LP001011,Male,Yes,2,Graduate,Yes,5417.0,4196.0,267.0,360.0,1.0,Urban,1.0
LP001013,Male,Yes,0,Not Graduate,No,2333.0,1516.0,95.0,360.0,1.0,Urban,1.0
LP001014,Male,Yes,3+,Graduate,No,3036.0,2504.0,158.0,360.0,0.0,,0.0
LP001018,Male,Yes,2,Graduate,No,4006.0,1526.0,168.0,360.0,1.0,,1.0
LP001020,Male,Yes,1,Graduate,No,12841.0,10968.0,349.0,360.0,1.0,Semiurban,0.0
LP001024,Male,Yes,2,Graduate,No,3200.0,700.0,70.0,360.0,1.0,Urban,1.0
LP001027,Male,Yes,2,Graduate,No,2500.0,1840.0,109.0,360.0,1.0,Urban,1.0
LP001028,Male,Yes,2,Graduate,No,3073.0,8106.0,200.0,360.0,1.0,Urban,1.0
LP001029,Male,No,0,Graduate,,1853.0,2840.0,114.0,360.0,1.0,Rural,0.0
LP001030,Male,Yes,2,Graduate,No,1299.0,1086.0,17.0,120.0,1.0,Urban,1.0
LP001032,Male,No,0,Graduate,,4950.0,0.0,125.0,360.0,1.0,Urban,1.0
LP001034,Male,No,1,Not Graduate,No,3596.0,0.0,100.0,240.0,1.0,Urban,1.0
LP001036,Female,No,,Graduate,No,3510.0,0.0,76.0,360.0,0.0,Urban,0.0
LP001038,Male,Yes,0,Not Graduate,No,4887.0,0.0,133.0,360.0,1.0,Rural,0.0
LP001043,Male,Yes,0,Not Graduate,No,7660.0,0.0,104.0,360.0,0.0,Urban,0.0
LP001046,Male,Yes,1,Graduate,No,5955.0,5625.0,315.0,360.0,1.0,Urban,1.0
LP001047,Male,Yes,0,Not Graduate,No,2600.0,1911.0,116.0,360.0,0.0,Semiurban,
LP001052,Male,Yes,1,Graduate,No,3717.0,2925.0,151.0,360.0,1.0,Semiurban,
LP001066,Male,Yes,0,Graduate,Yes,9560.0,0.0,191.0,360.0,1.0,Semiurban,1.0
LP001068,Male,Yes,0,Graduate,No,2799.0,2253.0,122.0,360.0,1.0,Semiurban,1.0
LP001073,Male,Yes,2,Not Graduate,No,4226.0,1040.0,110.0,360.0,1.0,Urban,1.0
LP001086,Male,No,0,Not Graduate,No,1442.0,0.0,35.0,360.0,1.0,Urban,0.0
LP001087,Female,No,2,Graduate,No,,2083.0,120.0,360.0,1.0,Semiurban,1.0
LP001091,Male,Yes,1,Graduate,No,4166.0,3369.0,201.0,360.0,1.0,Urban,0.0
LP001095,Male,No,0,Graduate,No,3167.0,0.0,,360.0,1.0,Urban,0.0
LP001097,,No,1,Graduate,Yes,4692.0,0.0,106.0,360.0,1.0,Rural,
LP001098,Male,Yes,0,Graduate,No,3500.0,1667.0,114.0,360.0,1.0,Semiurban,1.0
LP001100,Male,No,3+,Graduate,No,12500.0,3000.0,320.0,360.0,1.0,Rural,0.0
LP001112,Female,Yes,0,,No,3667.0,1459.0,144.0,360.0,1.0,Semiurban,1.0
LP001114,Male,No,0,Graduate,No,4166.0,7210.0,184.0,,1.0,Urban,1.0
LP001116,Male,No,0,Not Graduate,No,3748.0,1668.0,110.0,360.0,1.0,Semiurban,1.0
LP001119,Male,No,0,Graduate,No,3600.0,0.0,80.0,360.0,1.0,Urban,0.0
LP001120,Male,No,0,Graduate,No,1800.0,1213.0,47.0,360.0,1.0,Urban,1.0
LP001123,Male,Yes,0,Graduate,No,2400.0,0.0,75.0,360.0,1.0,Urban,1.0
LP001131,Male,Yes,0,Graduate,No,3941.0,2336.0,134.0,360.0,1.0,Semiurban,1.0
LP001138,Male,Yes,1,Graduate,No,5649.0,0.0,44.0,360.0,1.0,Urban,1.0
LP001144,Male,Yes,0,Graduate,No,5821.0,,144.0,360.0,1.0,Urban,1.0
LP001146,Female,Yes,0,Graduate,No,2645.0,3440.0,120.0,360.0,0.0,Urban,0.0
LP001151,Female,No,0,Graduate,No,4000.0,2275.0,144.0,360.0,1.0,Semiurban,1.0
LP001155,Female,Yes,0,Not Graduate,No,1928.0,1644.0,100.0,360.0,1.0,Semiurban,1.0
LP001157,Female,No,0,Graduate,No,3086.0,0.0,120.0,360.0,1.0,Semiurban,1.0
LP001164,,No,0,Graduate,No,4230.0,0.0,112.0,360.0,1.0,Semiurban,0.0
LP001179,Male,Yes,2,Graduate,No,4616.0,0.0,134.0,360.0,1.0,Urban,0.0
LP001186,Female,Yes,1,Graduate,Yes,11500.0,0.0,286.0,360.0,0.0,Urban,0.0
LP001194,Male,Yes,2,Graduate,No,2708.0,1167.0,97.0,360.0,1.0,Semiurban,1.0
LP001195,Male,Yes,0,Graduate,No,2132.0,,96.0,360.0,1.0,Semiurban,
LP001197,Male,Yes,0,Graduate,No,3366.0,2200.0,135.0,360.0,1.0,,0.0
LP001198,Male,Yes,1,Graduate,No,8080.0,2250.0,180.0,360.0,1.0,Urban,1.0
LP001199,Male,Yes,2,Not Graduate,No,3357.0,2859.0,144.0,360.0,1.0,Urban,1.0
LP001205,Male,Yes,0,,No,2500.0,3796.0,120.0,360.0,1.0,Urban,1.0
LP001206,Male,Yes,3+,Graduate,No,3029.0,0.0,99.0,360.0,1.0,Urban,
LP001207,Male,Yes,0,Not Graduate,Yes,2609.0,3449.0,165.0,180.0,0.0,Rural,0.0
LP001222,Female,No,0,Graduate,No,4166.0,0.0,116.0,360.0,0.0,Semiurban,0.0
LP001225,Male,Yes,0,Graduate,No,5726.0,4595.0,258.0,360.0,1.0,Semiurban,0.0
LP001228,Male,No,0,Not Graduate,No,3200.0,2254.0,126.0,180.0,,Urban,0.0
LP001233,Male,Yes,1,Graduate,No,10750.0,0.0,312.0,360.0,1.0,Urban,1.0
LP001238,Male,Yes,3+,Not Graduate,Yes,7100.0,0.0,125.0,60.0,1.0,Urban,1.0
LP001241,Female,No,0,Graduate,No,,0.0,136.0,360.0,0.0,Semiurban,0.0
LP001243,Male,Yes,0,Graduate,No,3208.0,3066.0,172.0,360.0,1.0,Urban,1.0
LP001245,Male,Yes,,Not Graduate,Yes,1875.0,1875.0,97.0,360.0,1.0,Semiurban,1.0
LP001248,Male,No,0,Graduate,No,3500.0,0.0,81.0,300.0,1.0,Semiurban,1.0
,Male,,3+,,Yes,5266.0,1774.0,187.0,360.0,1.0,Semiurban,1.0
LP001255,Male,No,0,Graduate,No,3750.0,0.0,,480.0,1.0,,0.0
LP001256,Male,No,0,Graduate,No,3750.0,4750.0,176.0,360.0,1.0,Urban,0.0
LP001259,Male,Yes,1,Graduate,Yes,1000.0,3022.0,110.0,360.0,1.0,Urban,0.0
LP001263,Male,Yes,3+,Graduate,No,3167.0,4000.0,180.0,300.0,0.0,Semiurban,0.0
LP001264,Male,,3+,Not Graduate,Yes,3333.0,2166.0,130.0,360.0,1.0,Semiurban,1.0
LP001265,Female,No,0,Graduate,No,3846.0,0.0,111.0,360.0,1.0,Semiurban,1.0
LP001267,Female,Yes,2,Graduate,No,1378.0,1881.0,167.0,360.0,1.0,Urban,0.0
LP001273,Male,,0,Graduate,No,6000.0,2250.0,265.0,360.0,1.0,,0.0
LP001279,Male,No,0,Graduate,No,2366.0,2531.0,136.0,360.0,1.0,Semiurban,1.0
LP001282,Male,Yes,0,Graduate,No,2500.0,2118.0,104.0,360.0,1.0,Semiurban,1.0
LP001289,Male,No,0,Graduate,No,,,210.0,360.0,1.0,Urban,1.0
LP001310,Male,Yes,0,Graduate,,5695.0,4167.0,175.0,360.0,1.0,,1.0
LP001316,Male,Yes,0,Graduate,No,,2900.0,,360.0,1.0,Semiurban,1.0
LP001318,Male,Yes,2,Graduate,No,6250.0,5654.0,188.0,180.0,1.0,Semiurban,1.0
LP001319,Male,Yes,2,Not Graduate,No,3273.0,1820.0,81.0,360.0,1.0,Urban,1.0
LP001322,,No,0,Graduate,No,4133.0,0.0,122.0,360.0,1.0,Semiurban,1.0
LP001325,Male,No,0,Not Graduate,No,3620.0,0.0,25.0,120.0,1.0,Semiurban,1.0
LP001327,Female,Yes,0,Graduate,No,2484.0,2302.0,137.0,,1.0,Semiurban,1.0
LP001333,Male,Yes,0,Graduate,No,1977.0,997.0,50.0,360.0,1.0,Semiurban,1.0
LP001334,Male,Yes,0,Not Graduate,No,4188.0,0.0,115.0,180.0,1.0,Semiurban,1.0
LP001343,Male,Yes,0,Graduate,No,1759.0,3541.0,131.0,360.0,1.0,,1.0
,Male,Yes,2,Not Graduate,No,4288.0,3263.0,133.0,180.0,1.0,Urban,1.0
LP001349,Male,No,0,Graduate,,4843.0,3806.0,151.0,360.0,1.0,Semiurban,1.0
LP001367,Male,Yes,1,Graduate,,3052.0,1030.0,100.0,360.0,1.0,Urban,1.0
LP001369,Male,Yes,2,Graduate,No,11417.0,1126.0,225.0,360.0,1.0,Urban,1.0
LP001370,Male,No,0,Not Graduate,No,7333.0,0.0,120.0,360.0,1.0,Rural,0.0
LP001379,,Yes,2,Graduate,No,3800.0,3600.0,216.0,360.0,0.0,Urban,
LP001384,Male,Yes,3+,Not Graduate,No,2071.0,754.0,94.0,480.0,1.0,Semiurban,1.0
LP001385,Male,No,0,Graduate,No,5316.0,,136.0,360.0,1.0,Urban,1.0
,Female,Yes,0,Graduate,No,2929.0,2333.0,139.0,360.0,1.0,Semiurban,1.0
LP001398,Male,No,0,Graduate,No,5050.0,0.0,118.0,360.0,1.0,Semiurban,1.0
LP001401,Male,Yes,1,Graduate,No,14583.0,0.0,,180.0,1.0,Rural,1.0
LP001404,Female,Yes,0,Graduate,,3167.0,2283.0,154.0,360.0,1.0,Semiurban,1.0
LP001405,Male,Yes,1,,No,2214.0,1398.0,85.0,360.0,1.0,Urban,1.0
LP001422,Female,No,0,Graduate,No,10408.0,0.0,,360.0,1.0,Urban,1.0
LP001430,Female,No,0,Graduate,No,4166.0,0.0,44.0,360.0,1.0,Semiurban,1.0
LP001431,Female,No,0,Graduate,No,2137.0,8980.0,137.0,360.0,0.0,Semiurban,1.0
LP001432,Male,Yes,2,Graduate,No,2957.0,0.0,81.0,360.0,1.0,Semiurban,1.0
LP001439,Male,Yes,0,Not Graduate,No,4300.0,2014.0,194.0,360.0,1.0,Rural,1.0
LP001443,Female,,0,,No,3692.0,0.0,93.0,360.0,1.0,Rural,1.0
LP001451,Male,Yes,1,Graduate,Yes,10513.0,3850.0,,180.0,0.0,Urban,0.0
LP001465,Male,Yes,0,Graduate,No,6080.0,2569.0,182.0,360.0,1.0,Rural,0.0
LP001469,Male,No,,Graduate,Yes,20166.0,0.0,650.0,480.0,1.0,Urban,1.0
LP001473,Male,No,0,Graduate,No,2014.0,1929.0,74.0,360.0,1.0,Urban,1.0
LP001478,Male,No,0,Graduate,No,2718.0,0.0,70.0,360.0,1.0,Semiurban,
LP001482,Male,Yes,0,Graduate,Yes,3459.0,0.0,,120.0,1.0,Semiurban,1.0
LP001487,,No,0,Graduate,No,4895.0,0.0,102.0,360.0,1.0,Semiurban,1.0
LP001488,Male,Yes,3+,Graduate,No,4000.0,7750.0,,360.0,1.0,,0.0
LP001489,Female,Yes,0,Graduate,No,4583.0,0.0,,360.0,1.0,Rural,0.0
LP001491,Male,Yes,2,Graduate,Yes,3316.0,3500.0,88.0,360.0,1.0,Urban,1.0
LP001492,Male,No,0,Graduate,No,14999.0,0.0,242.0,360.0,0.0,Semiurban,
LP001493,Male,Yes,2,Not Graduate,No,4200.0,1430.0,129.0,360.0,1.0,Rural,0.0
LP001497,Male,Yes,2,Graduate,No,5042.0,2083.0,185.0,360.0,1.0,,0.0
LP001498,,No,0,Graduate,No,5417.0,,168.0,,1.0,Urban,1.0
LP001504,Male,No,0,Graduate,Yes,6950.0,0.0,175.0,180.0,1.0,Semiurban,1.0
,Male,Yes,0,Graduate,No,2698.0,2034.0,122.0,360.0,1.0,Semiurban,1.0
LP001508,Male,Yes,2,Graduate,No,11757.0,0.0,187.0,180.0,1.0,Urban,1.0
LP001514,Female,Yes,,Graduate,No,2330.0,4486.0,100.0,360.0,1.0,Semiurban,1.0
LP001516,Female,Yes,2,Graduate,No,14866.0,0.0,70.0,,1.0,Urban,1.0
LP001518,Male,Yes,1,Graduate,No,1538.0,1425.0,30.0,360.0,1.0,Urban,
LP001519,Female,No,0,Graduate,No,10000.0,1666.0,225.0,360.0,1.0,Rural,0.0
LP001520,Male,Yes,0,Graduate,No,,830.0,125.0,360.0,1.0,Semiurban,1.0
LP001528,Male,No,0,Graduate,No,,0.0,118.0,360.0,0.0,Rural,0.0
LP001529,Male,Yes,0,Graduate,Yes,2577.0,3750.0,152.0,360.0,1.0,Rural,1.0
LP001531,Male,No,0,Graduate,No,9166.0,0.0,244.0,360.0,1.0,Urban,
LP001532,Male,Yes,2,Not Graduate,No,2281.0,0.0,113.0,360.0,,Rural,0.0
LP001535,Male,No,0,Graduate,No,3254.0,0.0,50.0,360.0,1.0,Urban,1.0
LP001536,Male,Yes,3+,Graduate,No,39999.0,0.0,600.0,180.0,0.0,Semiurban,1.0
LP001541,Male,Yes,1,Graduate,No,6000.0,0.0,160.0,360.0,1.0,Rural,1.0
LP001543,Male,Yes,1,Graduate,No,9538.0,0.0,187.0,360.0,1.0,Urban,1.0
LP001546,Male,No,,Graduate,No,2980.0,2083.0,120.0,360.0,1.0,Rural,1.0
LP001552,,Yes,0,Graduate,No,4583.0,5625.0,255.0,360.0,1.0,Semiurban,1.0
LP001560,Male,Yes,0,Not Graduate,No,1863.0,1041.0,98.0,,1.0,Semiurban,1.0
LP001562,Male,Yes,,Graduate,,7933.0,0.0,275.0,360.0,1.0,Urban,0.0
LP001570,Male,Yes,2,Graduate,No,4167.0,1447.0,158.0,360.0,1.0,Rural,1.0
LP001572,Male,Yes,0,Graduate,No,9323.0,0.0,75.0,,1.0,Urban,1.0
LP001577,Female,,0,Graduate,No,4583.0,0.0,112.0,360.0,1.0,Rural,0.0
LP001578,,Yes,0,Graduate,No,2439.0,3333.0,129.0,360.0,1.0,Rural,1.0
,,No,0,Graduate,No,2237.0,0.0,63.0,480.0,0.0,Semiurban,0.0
LP001580,Male,Yes,2,Graduate,No,8000.0,0.0,200.0,360.0,1.0,Semiurban,1.0
LP001581,Male,Yes,0,Not Graduate,No,1820.0,1769.0,,360.0,1.0,Rural,1.0
LP001586,Male,Yes,3+,Not Graduate,No,3522.0,0.0,81.0,180.0,1.0,Rural,0.0
LP001594,Male,Yes,0,Graduate,No,5708.0,5625.0,187.0,360.0,1.0,Semiurban,1.0
LP001603,Male,Yes,0,Not Graduate,Yes,4344.0,736.0,87.0,360.0,1.0,Semiurban,0.0
LP001606,Male,Yes,0,Graduate,No,3497.0,1964.0,116.0,360.0,1.0,Rural,1.0
LP001608,Male,Yes,2,Graduate,No,2045.0,1619.0,101.0,360.0,,Rural,1.0
LP001610,Male,Yes,3+,Graduate,No,5516.0,11300.0,495.0,360.0,0.0,Semiurban,0.0
LP001616,Male,Yes,1,Graduate,No,3750.0,0.0,116.0,360.0,1.0,Semiurban,1.0
LP001630,Male,No,0,Not Graduate,No,2333.0,1451.0,102.0,480.0,0.0,Urban,0.0
LP001633,Male,Yes,1,Graduate,No,6400.0,7250.0,180.0,360.0,0.0,Urban,0.0
LP001634,Male,No,0,Graduate,No,1916.0,5063.0,67.0,360.0,1.0,Rural,0.0
LP001636,Male,Yes,0,Graduate,,4600.0,,73.0,180.0,1.0,Semiurban,1.0
LP001637,Male,Yes,1,,No,33846.0,0.0,260.0,360.0,1.0,Semiurban,0.0
LP001639,Female,Yes,0,Graduate,,3625.0,0.0,108.0,360.0,1.0,Semiurban,1.0
LP001640,Male,Yes,0,Graduate,Yes,39147.0,4750.0,120.0,360.0,1.0,Semiurban,1.0
LP001643,Male,Yes,0,Graduate,No,,2138.0,58.0,360.0,1.0,Rural,1.0
LP001647,Male,Yes,0,Graduate,No,9328.0,0.0,188.0,180.0,1.0,Rural,1.0
,Male,No,0,Not Graduate,No,4885.0,0.0,48.0,360.0,1.0,Rural,1.0
LP001656,Male,No,0,Graduate,,12000.0,0.0,164.0,360.0,1.0,Semiurban,0.0
,Male,Yes,0,Not Graduate,No,6033.0,0.0,160.0,360.0,1.0,Urban,0.0
LP001658,Male,No,0,Graduate,No,,0.0,76.0,360.0,1.0,Semiurban,1.0
LP001664,Male,No,0,Graduate,No,4191.0,0.0,120.0,360.0,1.0,Rural,
LP001665,Male,Yes,1,Graduate,No,3125.0,2583.0,170.0,,1.0,Semiurban,0.0
LP001671,Female,Yes,0,Graduate,No,3416.0,2816.0,113.0,360.0,,Semiurban,1.0
LP001673,Male,No,0,Graduate,,,0.0,83.0,360.0,1.0,Urban,0.0
LP001674,Male,Yes,1,Not Graduate,No,2600.0,2500.0,,360.0,1.0,Semiurban,1.0
LP001677,Male,No,2,,No,4923.0,0.0,166.0,360.0,0.0,Semiurban,1.0
LP001688,Male,Yes,1,Not Graduate,No,3500.0,,135.0,,1.0,Urban,1.0
LP001691,Male,Yes,,Not Graduate,No,3917.0,0.0,124.0,360.0,1.0,Semiurban,1.0
LP001692,Female,No,0,Not Graduate,No,4408.0,0.0,120.0,360.0,1.0,Semiurban,1.0
LP001693,Female,No,0,Graduate,No,3244.0,,80.0,360.0,1.0,Urban,1.0
LP001698,Male,No,,Not Graduate,No,3975.0,2531.0,55.0,360.0,1.0,Rural,1.0
,Male,No,0,Graduate,,2479.0,0.0,59.0,360.0,1.0,Urban,1.0
LP001702,Male,No,0,Graduate,No,3418.0,0.0,127.0,360.0,1.0,Semiurban,0.0
LP001708,Female,No,0,Graduate,No,10000.0,0.0,214.0,360.0,1.0,Semiurban,
LP001711,Male,Yes,3+,Graduate,No,3430.0,1250.0,128.0,360.0,0.0,Semiurban,0.0
LP001713,Male,Yes,1,Graduate,Yes,7787.0,0.0,240.0,360.0,1.0,Urban,1.0
LP001715,Male,Yes,3+,Not Graduate,,5703.0,0.0,130.0,360.0,1.0,Rural,1.0
LP001716,Male,Yes,0,Graduate,No,3173.0,3021.0,137.0,360.0,1.0,Urban,1.0
LP001720,Male,Yes,3+,Not Graduate,No,3850.0,983.0,100.0,360.0,1.0,Semiurban,1.0
LP001722,Male,Yes,0,Graduate,No,150.0,1800.0,135.0,360.0,,Rural,0.0
,Male,Yes,2,Graduate,,5000.0,0.0,72.0,360.0,0.0,Semiurban,0.0
LP001734,Female,Yes,2,Graduate,No,4283.0,2383.0,127.0,360.0,1.0,Semiurban,1.0
,Male,Yes,0,Graduate,No,2221.0,0.0,60.0,360.0,0.0,Urban,0.0
LP001743,Male,Yes,2,Graduate,No,4009.0,1717.0,116.0,360.0,1.0,Semiurban,1.0
LP001744,Male,No,0,Graduate,No,2971.0,2791.0,144.0,360.0,1.0,Semiurban,1.0
LP001750,Male,Yes,0,Graduate,No,6250.0,,128.0,360.0,1.0,Semiurban,1.0
LP001751,Male,Yes,0,Graduate,No,3250.0,0.0,170.0,360.0,1.0,,0.0
LP001758,Male,Yes,2,,No,6250.0,1695.0,210.0,360.0,1.0,Semiurban,1.0
LP001761,Male,No,0,Graduate,Yes,6400.0,0.0,200.0,360.0,1.0,Rural,1.0
LP001768,Male,Yes,0,Graduate,No,3716.0,0.0,42.0,180.0,1.0,Rural,1.0
LP001776,Female,No,,Graduate,No,8333.0,0.0,280.0,360.0,1.0,Semiurban,1.0
LP001778,Male,Yes,1,Graduate,,3155.0,1779.0,140.0,360.0,1.0,Semiurban,1.0
LP001784,Male,Yes,1,Graduate,No,5500.0,1260.0,170.0,360.0,1.0,Rural,1.0
LP001786,Male,Yes,0,Graduate,No,5746.0,0.0,255.0,360.0,1.0,Urban,0.0
LP001788,Female,No,0,Graduate,Yes,,0.0,122.0,,1.0,Urban,1.0
LP001790,Female,No,1,Graduate,No,3812.0,0.0,112.0,360.0,1.0,Rural,1.0
LP001792,Male,Yes,1,Graduate,No,3315.0,0.0,96.0,360.0,1.0,Semiurban,1.0
LP001798,Male,Yes,2,Graduate,No,5819.0,5000.0,120.0,360.0,1.0,Rural,1.0
LP001806,Male,No,0,Graduate,No,2965.0,5701.0,155.0,60.0,1.0,Urban,1.0
LP001807,Male,Yes,2,Graduate,Yes,6250.0,1300.0,,360.0,,Rural,1.0
LP001811,Male,Yes,0,Not Graduate,,3406.0,4417.0,123.0,360.0,1.0,Semiurban,1.0
LP001813,Male,No,0,Graduate,Yes,6050.0,4333.0,120.0,180.0,1.0,Urban,0.0
LP001814,Male,Yes,2,Graduate,No,9703.0,0.0,112.0,360.0,1.0,Urban,1.0
LP001819,Male,Yes,1,Not Graduate,No,6608.0,0.0,137.0,180.0,1.0,Urban,1.0
,Male,Yes,1,Graduate,No,,1843.0,123.0,,1.0,Semiurban,1.0
LP001825,Male,Yes,0,Graduate,No,1809.0,1868.0,90.0,360.0,,Urban,
LP001835,Male,Yes,,Not Graduate,No,1668.0,3890.0,201.0,360.0,0.0,Semiurban,0.0
LP001836,Female,No,2,Graduate,No,3427.0,0.0,138.0,360.0,1.0,Urban,0.0
LP001841,Male,No,0,,Yes,,2167.0,104.0,360.0,1.0,Rural,1.0
LP001843,Male,Yes,1,Not Graduate,No,,7101.0,279.0,180.0,1.0,Semiurban,1.0
LP001844,Male,No,0,Graduate,Yes,16250.0,0.0,192.0,360.0,0.0,Urban,0.0
LP001846,Female,No,3+,Graduate,No,3083.0,0.0,255.0,360.0,1.0,Rural,1.0
LP001849,Male,No,0,Not Graduate,No,6045.0,0.0,115.0,360.0,,Rural,0.0
LP001854,Male,Yes,3+,Graduate,No,5250.0,0.0,94.0,360.0,1.0,Urban,0.0
LP001859,Male,Yes,0,Graduate,No,14683.0,2100.0,304.0,360.0,1.0,Rural,0.0
LP001864,Male,Yes,3+,Not Graduate,,4931.0,0.0,128.0,360.0,1.0,Semiurban,0.0
LP001865,Male,Yes,1,Graduate,No,6083.0,,330.0,360.0,1.0,Urban,1.0
LP001868,Male,No,0,Graduate,No,2060.0,2209.0,134.0,360.0,1.0,Semiurban,1.0
LP001870,Female,No,1,Graduate,No,3481.0,0.0,155.0,36.0,1.0,Semiurban,0.0
LP001871,Female,No,0,Graduate,No,7200.0,0.0,120.0,360.0,1.0,Rural,1.0
LP001872,Male,No,0,Graduate,Yes,5166.0,,128.0,360.0,1.0,Semiurban,1.0
LP001875,Male,No,0,Graduate,No,4095.0,3447.0,151.0,360.0,1.0,Rural,1.0
LP001877,Male,Yes,2,Graduate,No,4708.0,1387.0,150.0,360.0,,Semiurban,1.0
LP001882,Male,Yes,3+,Graduate,No,4333.0,1811.0,160.0,360.0,0.0,Urban,1.0
LP001883,Female,No,0,Graduate,No,3418.0,0.0,135.0,360.0,1.0,Rural,0.0
LP001884,Female,No,1,Graduate,No,,1560.0,90.0,360.0,1.0,Urban,1.0
LP001888,Female,No,0,,No,,0.0,30.0,360.0,1.0,Urban,1.0
,Male,Yes,0,Graduate,No,11146.0,0.0,136.0,,,Urban,1.0
LP001892,Male,No,0,Graduate,No,2833.0,1857.0,126.0,360.0,1.0,Rural,1.0
LP001894,Male,Yes,0,Graduate,No,2620.0,2223.0,150.0,360.0,1.0,Semiurban,1.0
LP001896,Male,Yes,2,Graduate,No,3900.0,0.0,90.0,360.0,1.0,Semiurban,1.0
LP001900,Male,Yes,1,Graduate,No,2750.0,1842.0,115.0,360.0,1.0,Semiurban,1.0
LP001903,Male,Yes,0,Graduate,No,3993.0,3274.0,207.0,360.0,1.0,Semiurban,1.0
LP001904,Male,Yes,,Graduate,No,3103.0,1300.0,80.0,360.0,1.0,Urban,1.0
LP001907,Male,Yes,0,Graduate,No,14583.0,0.0,436.0,360.0,1.0,Semiurban,1.0
LP001910,Male,No,1,Not Graduate,Yes,4053.0,2426.0,158.0,360.0,,Urban,0.0
LP001914,Male,Yes,,Graduate,No,3927.0,800.0,112.0,360.0,1.0,Semiurban,1.0
LP001915,Male,Yes,2,Graduate,No,2301.0,985.7999878,78.0,180.0,1.0,Urban,
LP001917,Female,No,0,Graduate,No,1811.0,,54.0,360.0,1.0,Urban,1.0
LP001924,Male,No,0,Graduate,No,3158.0,3053.0,89.0,360.0,1.0,Rural,1.0
LP001925,,No,0,Graduate,Yes,2600.0,1717.0,99.0,300.0,1.0,Semiurban,0.0
LP001926,Male,Yes,0,Graduate,No,3704.0,2000.0,120.0,360.0,1.0,Rural,1.0
LP001931,Female,No,0,Graduate,No,4124.0,0.0,115.0,360.0,1.0,Semiurban,1.0
LP001935,Male,No,0,Graduate,No,9508.0,0.0,187.0,360.0,1.0,Rural,1.0
LP001936,Male,Yes,0,Graduate,No,3075.0,2416.0,139.0,360.0,1.0,Rural,1.0
LP001938,Male,Yes,2,Graduate,No,4400.0,0.0,127.0,,0.0,Semiurban,0.0
LP001940,Male,Yes,2,Graduate,No,3153.0,1560.0,134.0,360.0,1.0,Urban,1.0
LP001947,Male,Yes,0,Graduate,No,2383.0,3334.0,172.0,360.0,1.0,Semiurban,1.0
LP001949,Male,Yes,3+,Graduate,No,4416.0,1250.0,110.0,360.0,1.0,Urban,1.0
LP001953,Male,Yes,1,Graduate,No,6875.0,0.0,200.0,360.0,1.0,Semiurban,1.0
LP001954,Female,Yes,,Graduate,No,4666.0,0.0,135.0,360.0,1.0,Urban,1.0
LP001955,Female,No,0,Graduate,No,,2541.0,151.0,480.0,1.0,Rural,0.0
LP001963,Male,Yes,1,Graduate,No,2014.0,2925.0,113.0,360.0,1.0,Urban,0.0
LP001964,Male,Yes,0,Not Graduate,,1800.0,2934.0,93.0,360.0,0.0,Urban,0.0
LP001974,,No,0,Graduate,No,5000.0,0.0,132.0,360.0,1.0,Rural,1.0
LP001977,Male,Yes,1,Graduate,No,1625.0,1803.0,96.0,360.0,1.0,Urban,1.0
LP001978,Male,No,0,Graduate,No,4000.0,2500.0,140.0,,1.0,Rural,1.0
LP001993,Female,No,0,Graduate,No,3762.0,1666.0,135.0,360.0,1.0,Rural,1.0
LP001994,Female,No,0,Graduate,No,2400.0,1863.0,104.0,360.0,0.0,Urban,0.0
LP001996,Male,No,0,Graduate,No,20233.0,0.0,480.0,360.0,1.0,Rural,0.0
LP001998,Male,Yes,2,Not Graduate,No,7667.0,0.0,185.0,360.0,1.0,Rural,1.0
LP002002,Female,No,0,Graduate,No,2917.0,0.0,84.0,360.0,1.0,Semiurban,1.0
LP002004,Male,No,0,Not Graduate,No,2927.0,2405.0,111.0,360.0,1.0,Semiurban,1.0
,Female,No,0,Graduate,No,2507.0,0.0,56.0,360.0,1.0,Rural,1.0
LP002008,Male,Yes,2,Graduate,Yes,5746.0,0.0,,84.0,,Rural,1.0
LP002031,Male,Yes,1,Not Graduate,No,3399.0,1640.0,111.0,180.0,1.0,Urban,1.0
LP002035,Male,Yes,2,Graduate,No,3717.0,0.0,,360.0,1.0,Semiurban,1.0
LP002036,Male,,0,Graduate,No,2058.0,2134.0,88.0,360.0,1.0,Urban,1.0
LP002043,Female,No,1,Graduate,No,3541.0,0.0,112.0,360.0,1.0,Semiurban,1.0
LP002050,Male,Yes,1,Graduate,Yes,10000.0,0.0,155.0,360.0,1.0,Rural,0.0
LP002051,Male,Yes,0,Graduate,No,2400.0,2167.0,115.0,360.0,1.0,Semiurban,1.0
LP002053,Male,Yes,3+,Graduate,No,4342.0,189.0,124.0,360.0,1.0,Semiurban,1.0
LP002055,Female,No,0,Graduate,No,3166.0,2985.0,132.0,360.0,1.0,Rural,1.0
LP002065,Male,,3+,Graduate,No,15000.0,0.0,300.0,360.0,1.0,Rural,1.0
LP002067,Male,Yes,1,Graduate,Yes,8666.0,4983.0,376.0,360.0,0.0,Rural,0.0
LP002068,Male,No,0,Graduate,No,4917.0,0.0,130.0,360.0,0.0,Rural,1.0
LP002082,Male,Yes,0,Graduate,Yes,5818.0,2160.0,184.0,,1.0,Semiurban,1.0
LP002086,,Yes,0,Graduate,No,,2451.0,,360.0,1.0,Urban,0.0
LP002087,Female,No,0,Graduate,No,2500.0,0.0,67.0,360.0,1.0,Urban,1.0
LP002097,Male,No,1,Graduate,No,4384.0,1793.0,117.0,360.0,1.0,Urban,1.0
,Male,No,0,Graduate,No,2935.0,0.0,,360.0,,Semiurban,1.0
LP002101,Male,Yes,,Graduate,No,63337.0,0.0,490.0,180.0,1.0,Urban,1.0
LP002110,Male,Yes,1,Graduate,No,5250.0,688.0,160.0,360.0,1.0,Rural,1.0
LP002112,Male,Yes,2,Graduate,Yes,2500.0,4600.0,176.0,360.0,1.0,Rural,1.0
LP002114,Female,No,0,,No,4160.0,0.0,71.0,360.0,1.0,Semiurban,1.0
LP002115,Male,Yes,,Not Graduate,No,2647.0,1587.0,173.0,360.0,1.0,Rural,
LP002116,Female,No,0,Graduate,No,2378.0,0.0,46.0,360.0,1.0,Rural,0.0
LP002119,Male,Yes,,Not Graduate,No,4554.0,1229.0,158.0,,1.0,Urban,1.0
LP002126,Male,Yes,3+,Not Graduate,No,3173.0,0.0,74.0,360.0,1.0,Semiurban,1.0
LP002128,Male,Yes,2,Graduate,No,2583.0,2330.0,125.0,360.0,1.0,Rural,1.0
LP002129,Male,Yes,0,Graduate,No,2499.0,2458.0,160.0,360.0,1.0,Semiurban,1.0
LP002131,Male,Yes,2,Not Graduate,,3083.0,2168.0,126.0,360.0,1.0,Urban,1.0
LP002137,Male,Yes,0,Graduate,No,6333.0,4583.0,259.0,360.0,1.0,Semiurban,1.0
,Male,Yes,0,Graduate,No,2625.0,6250.0,187.0,360.0,1.0,Rural,1.0
LP002139,Male,,0,Graduate,No,9083.0,0.0,228.0,360.0,1.0,Semiurban,1.0
LP002140,Male,No,0,Graduate,No,8750.0,4167.0,308.0,360.0,1.0,Rural,0.0
LP002141,Male,Yes,3+,Graduate,No,2666.0,,95.0,360.0,1.0,Rural,1.0
,Female,Yes,0,Graduate,Yes,5500.0,0.0,105.0,360.0,0.0,Rural,0.0
LP002143,,Yes,0,Graduate,No,2423.0,505.0,130.0,360.0,1.0,Semiurban,1.0
LP002149,Male,Yes,2,Graduate,No,8333.0,3167.0,165.0,360.0,1.0,Rural,1.0
LP002151,Male,Yes,1,Graduate,No,3875.0,0.0,67.0,360.0,1.0,Urban,0.0
LP002158,Male,Yes,0,Not Graduate,No,3000.0,,100.0,480.0,0.0,Urban,0.0
LP002160,Male,,3+,Graduate,No,5167.0,3167.0,200.0,360.0,,Semiurban,1.0
LP002161,Female,No,1,Graduate,No,4723.0,0.0,81.0,,1.0,Semiurban,0.0
LP002170,Male,Yes,2,Graduate,No,,3667.0,236.0,360.0,1.0,Semiurban,1.0
LP002175,Male,Yes,,Graduate,No,4750.0,2333.0,130.0,360.0,,Urban,1.0
LP002178,Male,Yes,0,Graduate,No,3013.0,3033.0,95.0,300.0,1.0,Urban,1.0
LP002180,Male,No,0,Graduate,Yes,6822.0,0.0,141.0,360.0,1.0,Rural,1.0
LP002181,Male,,0,Not Graduate,No,6216.0,0.0,133.0,,1.0,Rural,0.0
LP002190,Male,Yes,1,Graduate,No,6325.0,0.0,175.0,360.0,,Semiurban,
LP002191,Male,Yes,0,Graduate,No,19730.0,,570.0,360.0,1.0,Rural,0.0
LP002194,Female,No,0,Graduate,,15759.0,0.0,55.0,360.0,1.0,Semiurban,1.0
LP002201,Male,Yes,2,Graduate,Yes,,7873.0,380.0,300.0,1.0,Rural,1.0
LP002205,Male,No,1,Graduate,No,3062.0,1987.0,111.0,180.0,0.0,Urban,0.0
LP002209,Female,No,0,Graduate,No,2764.0,1459.0,,360.0,1.0,Urban,1.0
LP002211,Male,Yes,0,Graduate,No,4817.0,923.0,120.0,180.0,1.0,Urban,1.0
LP002219,Male,Yes,3+,Graduate,No,8750.0,4996.0,130.0,360.0,1.0,Rural,1.0
LP002223,Male,Yes,0,,No,4310.0,0.0,130.0,360.0,1.0,Semiurban,1.0
LP002224,Male,No,0,Graduate,No,3069.0,0.0,,480.0,1.0,Urban,0.0
LP002225,Male,Yes,2,Graduate,No,5391.0,0.0,130.0,360.0,1.0,Urban,1.0
LP002226,Male,Yes,0,Graduate,No,3333.0,2500.0,128.0,360.0,1.0,Semiurban,1.0
,Male,,0,Graduate,No,5941.0,4232.0,296.0,360.0,1.0,Semiurban,1.0
LP002231,Female,No,0,Graduate,No,6000.0,0.0,156.0,360.0,1.0,Urban,1.0
LP002234,Male,No,0,Graduate,,7167.0,,,360.0,1.0,Urban,1.0
LP002236,,Yes,,Graduate,No,4566.0,0.0,100.0,360.0,1.0,Urban,0.0
LP002237,Male,No,,,No,3667.0,,113.0,180.0,,Urban,1.0
LP002239,Male,No,0,Not Graduate,No,2346.0,1600.0,132.0,360.0,1.0,Semiurban,1.0
LP002244,,Yes,0,Graduate,No,2333.0,2417.0,136.0,360.0,1.0,Urban,
LP002250,Male,Yes,,Graduate,No,5488.0,0.0,125.0,360.0,1.0,Rural,1.0
LP002255,Male,No,3+,Graduate,No,9167.0,0.0,185.0,360.0,1.0,Rural,1.0
LP002262,Male,Yes,3+,Graduate,No,9504.0,0.0,275.0,360.0,1.0,Rural,1.0
LP002263,,Yes,0,Graduate,No,2583.0,2115.0,120.0,360.0,1.0,Urban,1.0
LP002265,Male,Yes,2,Not Graduate,No,1993.0,,113.0,180.0,1.0,,1.0
LP002266,Male,Yes,,Graduate,No,3100.0,1400.0,113.0,360.0,1.0,Urban,1.0
LP002272,Male,Yes,2,Graduate,No,3276.0,484.0,135.0,360.0,1.0,Semiurban,
LP002277,Female,No,,Graduate,No,3180.0,0.0,71.0,360.0,0.0,Urban,0.0
LP002281,Male,Yes,0,Graduate,No,3033.0,1459.0,95.0,360.0,1.0,Urban,1.0
LP002284,Male,No,0,Not Graduate,No,3902.0,1666.0,109.0,360.0,1.0,Rural,1.0
LP002287,Female,No,0,Graduate,No,1500.0,1800.0,103.0,360.0,0.0,Semiurban,0.0
LP002288,Male,,,Not Graduate,No,2889.0,0.0,45.0,180.0,0.0,Urban,0.0
LP002297,Male,No,0,Graduate,No,2500.0,20000.0,103.0,360.0,1.0,Semiurban,1.0
LP002300,Female,No,0,Not Graduate,No,1963.0,0.0,53.0,360.0,1.0,Semiurban,1.0
LP002301,Female,No,0,Graduate,Yes,7441.0,0.0,194.0,360.0,1.0,Rural,0.0
LP002305,Female,No,0,Graduate,No,4547.0,0.0,115.0,360.0,1.0,Semiurban,1.0
LP002308,Male,Yes,0,Not Graduate,No,2167.0,2400.0,115.0,360.0,1.0,Urban,1.0
LP002314,Female,No,0,Not Graduate,No,2213.0,0.0,66.0,360.0,1.0,Rural,1.0
LP002317,Male,Yes,3+,Graduate,No,81000.0,0.0,360.0,360.0,0.0,Rural,0.0
LP002318,Female,No,1,Not Graduate,Yes,3867.0,0.0,62.0,360.0,,Semiurban,0.0
LP002319,Male,Yes,0,,No,6256.0,0.0,160.0,360.0,1.0,Urban,1.0
LP002328,Male,Yes,0,Not Graduate,No,6096.0,0.0,218.0,360.0,0.0,,0.0
LP002332,Male,Yes,0,Not Graduate,No,2253.0,2033.0,110.0,360.0,1.0,Rural,1.0
LP002335,Female,Yes,0,Not Graduate,No,2149.0,3237.0,,360.0,0.0,Semiurban,0.0
LP002337,Female,No,0,Graduate,,2995.0,0.0,60.0,360.0,1.0,Urban,1.0
LP002341,Female,No,1,Graduate,,2600.0,0.0,160.0,360.0,1.0,Urban,0.0
LP002342,Male,Yes,2,Graduate,Yes,1600.0,20000.0,239.0,360.0,1.0,Urban,0.0
LP002345,Male,Yes,0,Graduate,No,1025.0,2773.0,,360.0,1.0,Rural,1.0
LP002347,Male,Yes,0,Graduate,No,3246.0,,138.0,360.0,1.0,Semiurban,1.0
LP002348,Male,Yes,0,Graduate,No,5829.0,0.0,138.0,360.0,1.0,Rural,1.0
LP002361,Male,Yes,0,Graduate,No,1820.0,1719.0,100.0,360.0,1.0,,1.0
LP002366,Male,Yes,0,Graduate,No,2666.0,4300.0,121.0,360.0,1.0,Rural,1.0
LP002367,Female,No,1,Not Graduate,No,4606.0,0.0,81.0,360.0,1.0,Rural,0.0
LP002368,Male,Yes,2,Graduate,No,5935.0,0.0,133.0,360.0,1.0,Semiurban,1.0
LP002369,Male,Yes,0,Graduate,No,2920.0,16.12000084,87.0,360.0,1.0,Rural,1.0
LP002370,Male,,0,Not Graduate,No,2717.0,0.0,60.0,180.0,1.0,Urban,1.0
LP002377,Female,No,1,Graduate,Yes,8624.0,0.0,150.0,360.0,1.0,Semiurban,1.0
LP002379,Male,No,0,Graduate,No,6500.0,0.0,,360.0,0.0,Rural,0.0
,Male,No,0,Graduate,No,12876.0,0.0,405.0,360.0,1.0,Semiurban,1.0
LP002387,Male,Yes,0,Graduate,No,2425.0,2340.0,143.0,,1.0,Semiurban,1.0
LP002390,Male,No,0,Graduate,No,3750.0,0.0,100.0,360.0,1.0,Urban,1.0
LP002398,Male,No,0,,No,1926.0,1851.0,50.0,360.0,1.0,Semiurban,1.0
LP002403,Male,No,0,Graduate,Yes,10416.0,0.0,187.0,360.0,0.0,Urban,0.0
LP002407,Female,Yes,0,Not Graduate,Yes,7142.0,0.0,138.0,360.0,1.0,Rural,1.0
LP002408,Male,No,0,Graduate,No,3660.0,5064.0,187.0,360.0,1.0,Semiurban,1.0
LP002409,Male,Yes,0,Graduate,No,7901.0,1833.0,180.0,360.0,1.0,Rural,1.0
LP002418,Male,No,3+,Not Graduate,No,,1993.0,148.0,360.0,1.0,Semiurban,1.0
LP002422,Male,,1,Graduate,No,37719.0,,152.0,360.0,1.0,Semiurban,1.0
LP002424,Male,Yes,0,Graduate,No,7333.0,8333.0,175.0,300.0,1.0,Rural,
LP002429,,Yes,1,Graduate,Yes,3466.0,1210.0,130.0,360.0,1.0,Rural,1.0
LP002434,Male,Yes,2,Not Graduate,No,4652.0,0.0,110.0,360.0,1.0,Rural,1.0
LP002435,Male,Yes,0,Graduate,No,3539.0,1376.0,55.0,360.0,1.0,Rural,0.0
LP002443,Male,Yes,2,Graduate,No,3340.0,1710.0,,360.0,0.0,Rural,0.0
LP002444,Male,No,1,Not Graduate,Yes,2769.0,1542.0,190.0,360.0,1.0,Semiurban,0.0
LP002446,Male,Yes,2,Not Graduate,No,2309.0,1255.0,125.0,360.0,0.0,Rural,0.0
LP002447,Male,Yes,2,Not Graduate,No,1958.0,1456.0,60.0,300.0,1.0,Urban,1.0
LP002448,Male,Yes,,Graduate,,3948.0,1733.0,149.0,360.0,0.0,Rural,0.0
,,Yes,0,Graduate,No,2483.0,2466.0,90.0,180.0,0.0,Rural,1.0
LP002453,Male,No,0,Graduate,Yes,7085.0,0.0,84.0,360.0,1.0,Semiurban,1.0
LP002455,Male,Yes,,Graduate,No,3859.0,0.0,96.0,360.0,,Semiurban,1.0
LP002459,Male,,0,Graduate,No,4301.0,0.0,118.0,360.0,1.0,Urban,1.0
LP002467,Male,Yes,0,Graduate,No,3708.0,2569.0,173.0,360.0,1.0,Urban,
LP002472,Male,No,2,Graduate,No,4354.0,0.0,136.0,360.0,1.0,Rural,1.0
LP002473,Male,Yes,0,Graduate,No,8334.0,0.0,160.0,360.0,1.0,Semiurban,0.0
LP002484,Male,Yes,3+,Graduate,No,,0.0,,180.0,1.0,Urban,1.0
LP002487,Male,Yes,,Graduate,No,3015.0,2188.0,153.0,360.0,1.0,Rural,1.0
LP002489,Female,No,1,Not Graduate,No,5191.0,0.0,132.0,360.0,1.0,Semiurban,1.0
LP002493,Male,No,0,Graduate,No,4166.0,0.0,98.0,360.0,0.0,Semiurban,0.0
LP002494,Male,No,0,Graduate,,6000.0,0.0,140.0,360.0,1.0,Rural,1.0
LP002500,Male,Yes,3+,Not Graduate,,2947.0,1664.0,,180.0,0.0,Urban,0.0
LP002502,Female,Yes,2,Not Graduate,No,210.0,2917.0,98.0,360.0,1.0,Semiurban,
LP002505,Male,Yes,0,Graduate,No,,2451.0,110.0,360.0,1.0,Urban,0.0
LP002515,Male,Yes,1,Graduate,Yes,3450.0,2079.0,162.0,360.0,1.0,Semiurban,1.0
LP002517,Male,Yes,1,Not Graduate,No,2653.0,1500.0,113.0,180.0,0.0,Rural,0.0
LP002519,Male,Yes,3+,Graduate,No,4691.0,0.0,100.0,360.0,1.0,Semiurban,1.0
LP002522,Female,No,0,Graduate,Yes,,0.0,93.0,360.0,1.0,Urban,1.0
LP002524,Male,No,2,Graduate,No,5532.0,4648.0,162.0,360.0,,Rural,1.0
LP002527,Male,Yes,2,Graduate,Yes,16525.0,1014.0,150.0,360.0,1.0,Rural,1.0
LP002529,Male,Yes,2,Graduate,No,6700.0,1750.0,230.0,300.0,1.0,Semiurban,1.0
LP002531,Male,Yes,1,Graduate,Yes,16667.0,2250.0,86.0,360.0,1.0,Semiurban,1.0
LP002534,Female,No,0,Not Graduate,No,4350.0,0.0,154.0,360.0,1.0,Rural,1.0
LP002536,Male,Yes,3+,Not Graduate,No,3095.0,0.0,113.0,360.0,1.0,Rural,1.0
LP002537,Male,Yes,0,Graduate,No,2083.0,3150.0,128.0,360.0,1.0,Semiurban,1.0
LP002541,Male,Yes,0,Graduate,No,10833.0,0.0,234.0,360.0,1.0,Semiurban,1.0
LP002543,Male,Yes,2,Graduate,No,8333.0,0.0,246.0,360.0,,Semiurban,1.0
LP002544,Male,Yes,1,Not Graduate,No,1958.0,2436.0,131.0,360.0,1.0,,1.0
LP002545,,No,2,Graduate,No,3547.0,0.0,80.0,360.0,0.0,Rural,0.0
LP002547,Male,Yes,1,Graduate,No,18333.0,0.0,500.0,360.0,1.0,Urban,0.0
LP002555,,Yes,2,Graduate,Yes,4583.0,2083.0,160.0,360.0,1.0,Semiurban,1.0
LP002556,,No,0,Graduate,No,2435.0,0.0,75.0,360.0,1.0,Urban,0.0
LP002560,Male,No,0,Not Graduate,,2699.0,2785.0,96.0,360.0,1.0,Semiurban,1.0
LP002562,Male,Yes,,Not Graduate,No,5333.0,1131.0,186.0,360.0,1.0,Urban,1.0
LP002571,Male,No,0,Not Graduate,No,3691.0,0.0,110.0,360.0,1.0,Rural,1.0
LP002582,Female,No,0,Not Graduate,Yes,17263.0,0.0,225.0,360.0,1.0,Semiurban,1.0
LP002585,Male,Yes,0,Graduate,No,3597.0,,119.0,360.0,0.0,Rural,0.0
LP002586,Female,Yes,1,Graduate,No,3326.0,913.0,105.0,84.0,1.0,Semiurban,1.0
LP002587,Male,Yes,0,Not Graduate,No,2600.0,1700.0,107.0,360.0,1.0,Rural,1.0
LP002588,Male,,0,Graduate,No,4625.0,2857.0,111.0,12.0,1.0,Urban,1.0
LP002600,Male,Yes,1,Graduate,Yes,2895.0,0.0,95.0,360.0,1.0,Semiurban,
LP002602,Male,No,0,Graduate,No,6283.0,,209.0,360.0,0.0,Rural,0.0
LP002603,Female,No,0,Graduate,No,645.0,3683.0,113.0,480.0,1.0,Rural,1.0
LP002606,Female,No,0,Graduate,No,3159.0,0.0,100.0,360.0,1.0,Semiurban,1.0
LP002615,,Yes,2,Graduate,No,4865.0,5624.0,208.0,360.0,1.0,Semiurban,1.0
LP002618,Male,Yes,1,Not Graduate,No,4050.0,5302.0,,360.0,1.0,Rural,0.0
,Male,Yes,0,Not Graduate,No,3814.0,1483.0,124.0,300.0,1.0,Semiurban,1.0
,Male,Yes,2,Graduate,No,3510.0,4416.0,243.0,360.0,1.0,,
LP002624,Male,Yes,0,Graduate,No,20833.0,6667.0,480.0,360.0,1.0,Urban,1.0
LP002626,Male,Yes,0,Graduate,Yes,2479.0,3013.0,188.0,360.0,1.0,Urban,1.0
LP002634,Female,No,1,Graduate,No,13262.0,0.0,40.0,360.0,1.0,Urban,1.0
LP002637,Male,No,0,Not Graduate,No,3598.0,1287.0,100.0,360.0,1.0,Rural,0.0
LP002640,Male,Yes,1,Graduate,No,6065.0,2004.0,250.0,360.0,1.0,Semiurban,1.0
LP002643,Male,Yes,2,Graduate,No,3283.0,2035.0,148.0,360.0,1.0,Urban,1.0
LP002648,Male,Yes,0,Graduate,No,2130.0,6666.0,70.0,180.0,1.0,Semiurban,0.0
LP002652,Male,No,0,Graduate,No,5815.0,3666.0,311.0,360.0,1.0,Rural,0.0
LP002659,Male,Yes,3+,Graduate,No,3466.0,3428.0,150.0,360.0,1.0,Rural,1.0
LP002670,Female,Yes,2,Graduate,No,2031.0,1632.0,113.0,480.0,1.0,Semiurban,1.0
LP002683,Male,No,0,Graduate,No,4683.0,1915.0,185.0,360.0,1.0,,0.0
LP002684,Female,No,,Not Graduate,No,3400.0,0.0,95.0,360.0,1.0,Rural,0.0
LP002689,Male,Yes,2,Not Graduate,No,2192.0,1742.0,45.0,360.0,1.0,Semiurban,1.0
LP002690,Male,No,0,Graduate,No,2500.0,0.0,55.0,360.0,1.0,Semiurban,1.0
LP002692,Male,Yes,3+,Graduate,Yes,5677.0,1424.0,100.0,360.0,1.0,Rural,
LP002693,Male,Yes,2,Graduate,Yes,7948.0,7166.0,480.0,360.0,1.0,Rural,1.0
LP002699,Male,Yes,2,Graduate,Yes,17500.0,0.0,400.0,360.0,1.0,Rural,1.0
LP002705,Male,Yes,0,Graduate,No,3775.0,,110.0,360.0,1.0,Semiurban,1.0
LP002706,Male,Yes,1,Not Graduate,No,5285.0,1430.0,161.0,360.0,0.0,Semiurban,1.0
LP002714,Male,No,1,Not Graduate,,2679.0,1302.0,94.0,360.0,1.0,Semiurban,1.0
LP002716,Male,No,0,Not Graduate,,6783.0,0.0,130.0,360.0,1.0,Semiurban,1.0
LP002717,Male,Yes,0,Graduate,No,1025.0,5500.0,216.0,360.0,1.0,Rural,1.0
LP002720,Male,Yes,3+,Graduate,No,4281.0,0.0,100.0,360.0,1.0,Urban,1.0
LP002723,Male,No,2,Graduate,No,3588.0,0.0,110.0,360.0,0.0,Rural,0.0
LP002729,Male,No,1,Graduate,No,11250.0,0.0,196.0,360.0,1.0,Semiurban,0.0
LP002731,Female,No,0,Not Graduate,Yes,18165.0,0.0,125.0,360.0,1.0,Urban,1.0
LP002732,Male,No,0,Not Graduate,No,2550.0,2042.0,126.0,360.0,1.0,,1.0
LP002734,Male,Yes,0,,No,6133.0,3906.0,324.0,360.0,1.0,Urban,1.0
LP002738,Male,No,2,Graduate,No,3617.0,,107.0,360.0,1.0,Semiurban,1.0
LP002739,Male,Yes,0,Not Graduate,No,2917.0,536.0,66.0,360.0,1.0,Rural,0.0
LP002740,,Yes,3+,Graduate,No,6417.0,0.0,,180.0,1.0,Rural,1.0
LP002741,Female,Yes,1,Graduate,No,4608.0,2845.0,140.0,180.0,1.0,Semiurban,1.0
LP002743,Female,No,0,Graduate,No,2138.0,0.0,99.0,,0.0,Semiurban,0.0
LP002753,Female,No,1,Graduate,No,3652.0,0.0,95.0,360.0,1.0,Semiurban,1.0
LP002755,Male,Yes,1,Not Graduate,No,2239.0,2524.0,128.0,360.0,1.0,Urban,1.0
LP002757,Female,Yes,0,Not Graduate,No,3017.0,663.0,102.0,360.0,1.0,Semiurban,1.0
LP002767,Male,Yes,0,Graduate,No,2768.0,1950.0,155.0,360.0,1.0,Rural,1.0
LP002768,Male,No,0,Not Graduate,No,3358.0,0.0,80.0,36.0,1.0,Semiurban,0.0
,Male,No,0,Graduate,No,2526.0,1783.0,,360.0,1.0,Rural,1.0
LP002776,Female,No,0,Graduate,No,5000.0,0.0,103.0,,0.0,Semiurban,0.0
LP002777,Male,Yes,0,Graduate,No,2785.0,2016.0,110.0,360.0,1.0,Rural,1.0
LP002785,Male,Yes,1,Graduate,No,,3250.0,158.0,360.0,1.0,Urban,1.0
LP002788,Male,Yes,0,Not Graduate,No,2454.0,2333.0,181.0,360.0,0.0,Urban,0.0
LP002789,Male,,0,Graduate,No,3593.0,4266.0,132.0,180.0,0.0,Rural,0.0
,Male,Yes,1,Graduate,No,5468.0,1032.0,26.0,360.0,1.0,Semiurban,1.0
LP002794,Female,No,0,Graduate,No,2667.0,,84.0,360.0,1.0,Urban,1.0
LP002795,Male,Yes,3+,Graduate,Yes,10139.0,0.0,260.0,360.0,1.0,,1.0
LP002798,Male,Yes,0,Graduate,No,3887.0,2669.0,162.0,360.0,1.0,Semiurban,1.0
LP002804,Female,Yes,0,Graduate,No,4180.0,2306.0,182.0,360.0,1.0,Semiurban,1.0
LP002807,Male,Yes,2,Not Graduate,No,3675.0,242.0,108.0,360.0,1.0,Semiurban,1.0
LP002813,Female,Yes,1,Graduate,Yes,19484.0,0.0,600.0,360.0,1.0,Semiurban,1.0
LP002820,Male,Yes,0,Graduate,No,5923.0,2054.0,211.0,360.0,1.0,Rural,1.0
LP002821,Male,No,0,Not Graduate,Yes,5800.0,0.0,132.0,360.0,1.0,Semiurban,1.0
LP002832,Male,Yes,2,Graduate,No,8799.0,0.0,258.0,360.0,0.0,Urban,0.0
LP002833,Male,Yes,0,Not Graduate,No,4467.0,0.0,120.0,360.0,1.0,Rural,1.0
,Male,No,0,Graduate,No,3333.0,0.0,70.0,360.0,1.0,Urban,1.0
LP002837,Male,,3+,Graduate,No,3400.0,2500.0,123.0,360.0,0.0,Rural,0.0
LP002840,Female,No,0,,No,2378.0,0.0,9.0,360.0,1.0,Urban,0.0
LP002841,Male,,0,Graduate,No,3166.0,,104.0,360.0,0.0,Urban,0.0
LP002842,Male,Yes,1,Graduate,No,3417.0,1750.0,186.0,360.0,1.0,Urban,1.0
LP002855,Male,Yes,2,Graduate,No,16666.0,0.0,275.0,360.0,1.0,Urban,1.0
LP002862,,Yes,2,Not Graduate,No,6125.0,1625.0,187.0,480.0,1.0,Semiurban,0.0
LP002868,Male,Yes,2,Graduate,No,3159.0,461.0,,,1.0,Urban,1.0
LP002874,,No,0,Graduate,No,3229.0,2739.0,110.0,360.0,1.0,Urban,1.0
LP002877,Male,Yes,1,Graduate,No,1782.0,,107.0,360.0,1.0,Rural,1.0
,Male,No,0,Graduate,No,3182.0,2917.0,161.0,360.0,1.0,Urban,
LP002892,Male,Yes,2,,No,6540.0,0.0,205.0,360.0,1.0,Semiurban,
LP002893,Male,No,0,Graduate,No,1836.0,33837.0,90.0,360.0,1.0,Urban,0.0
LP002894,Female,Yes,0,Graduate,No,3166.0,0.0,36.0,360.0,1.0,Semiurban,1.0
LP002898,Male,Yes,1,,No,1880.0,,61.0,,1.0,,0.0
LP002911,Male,Yes,1,Graduate,,2787.0,1917.0,,,0.0,Rural,0.0
LP002912,Male,Yes,1,Graduate,No,4283.0,3000.0,172.0,84.0,1.0,Rural,0.0
LP002916,Male,Yes,0,Graduate,No,2297.0,1522.0,104.0,360.0,1.0,Urban,1.0
LP002917,Female,No,0,Not Graduate,No,2165.0,,70.0,360.0,1.0,,1.0
,Male,Yes,,Graduate,Yes,2726.0,0.0,106.0,360.0,0.0,Semiurban,0.0
LP002928,Male,Yes,0,Graduate,No,3000.0,3416.0,56.0,180.0,1.0,Semiurban,1.0
LP002931,Male,Yes,2,Graduate,Yes,6000.0,0.0,205.0,240.0,1.0,Semiurban,0.0
LP002936,Male,Yes,0,Graduate,No,3859.0,,142.0,180.0,,Rural,1.0
LP002938,Male,Yes,0,Graduate,Yes,16120.0,0.0,260.0,,1.0,Urban,1.0
LP002940,Male,No,0,Not Graduate,No,3833.0,0.0,110.0,360.0,1.0,Rural,1.0
LP002941,Male,Yes,2,Not Graduate,Yes,6383.0,1000.0,187.0,360.0,1.0,Rural,0.0
LP002945,Male,Yes,0,Graduate,Yes,9963.0,0.0,180.0,360.0,1.0,Rural,1.0
LP002948,Male,Yes,2,,No,5780.0,0.0,192.0,360.0,1.0,Urban,1.0
LP002949,Female,No,3+,Graduate,No,416.0,41667.0,350.0,180.0,1.0,Urban,0.0
LP002950,Male,Yes,0,Not Graduate,No,2894.0,,155.0,360.0,1.0,Rural,1.0
LP002958,Male,No,0,Graduate,No,3676.0,4301.0,172.0,360.0,1.0,Rural,1.0
LP002959,Female,Yes,1,Graduate,No,12000.0,0.0,496.0,360.0,1.0,Semiurban,1.0
LP002961,Male,Yes,1,Graduate,No,3400.0,,173.0,360.0,1.0,Semiurban,1.0
LP002964,Male,Yes,2,Not Graduate,No,3987.0,1411.0,157.0,360.0,1.0,Rural,1.0
LP002974,Male,Yes,,Graduate,No,3232.0,1950.0,108.0,360.0,1.0,Rural,1.0
LP002978,Female,No,0,Graduate,No,2900.0,0.0,71.0,360.0,1.0,Rural,1.0
LP002979,Male,Yes,3+,,No,4106.0,0.0,40.0,180.0,1.0,Rural,1.0
LP002983,Male,Yes,1,Graduate,No,8072.0,240.0,253.0,360.0,1.0,Urban,1.0
LP002984,,Yes,2,Graduate,,7583.0,0.0,187.0,360.0,1.0,Urban,1.0
LP002990,,No,0,Graduate,Yes,4583.0,0.0,133.0,360.0,0.0,Semiurban,
LP001726,Male,Yes,0,Graduate,No,3727.0,1775.0,131.0,,1.0,Semiurban,1.0
LP002300,Female,No,0,Not Graduate,No,1963.0,0.0,53.0,360.0,1.0,Semiurban,1.0
LP002877,Male,Yes,1,Graduate,No,1782.0,,107.0,360.0,1.0,Rural,1.0
LP001032,Male,No,0,Graduate,,4950.0,0.0,125.0,360.0,1.0,Urban,1.0
LP001726,Male,Yes,0,Graduate,No,3727.0,1775.0,131.0,,1.0,Semiurban,1.0
LP001349,Male,No,0,Graduate,,4843.0,3806.0,151.0,360.0,1.0,Semiurban,1.0
LP001197,Male,Yes,0,Graduate,No,3366.0,2200.0,135.0,360.0,1.0,,0.0
LP002505,Male,Yes,0,Graduate,No,,2451.0,110.0,360.0,1.0,Urban,0.0
LP002894,Female,Yes,0,Graduate,No,3166.0,0.0,36.0,360.0,1.0,Semiurban,1.0
LP002408,Male,No,0,Graduate,No,3660.0,5064.0,187.0,360.0,1.0,Semiurban,1.0
LP001430,Female,No,0,Graduate,No,4166.0,0.0,44.0,360.0,1.0,Semiurban,1.0
LP001498,,No,0,Graduate,No,5417.0,,168.0,,1.0,Urban,1.0
LP001859,Male,Yes,0,Graduate,No,14683.0,2100.0,304.0,360.0,1.0,Rural,0.0
LP001384,Male,Yes,3+,Not Graduate,No,2071.0,754.0,94.0,480.0,1.0,Semiurban,1.0
LP002931,Male,Yes,2,Graduate,Yes,6000.0,0.0,205.0,240.0,1.0,Semiurban,0.0
,Male,No,0,Graduate,No,12876.0,0.0,405.0,360.0,1.0,Semiurban,1.0
LP002487,Male,Yes,,Graduate,No,3015.0,2188.0,153.0,360.0,1.0,Rural,1.0
LP002489,Female,No,1,Not Graduate,No,5191.0,0.0,132.0,360.0,1.0,Semiurban,1.0
LP002531,Male,Yes,1,Graduate,Yes,16667.0,2250.0,86.0,360.0,1.0,Semiurban,1.0
LP002319,Male,Yes,0,,No,6256.0,0.0,160.0,360.0,1.0,Urban,1.0
LP001702,Male,No,0,Graduate,No,3418.0,0.0,127.0,360.0,1.0,Semiurban,0.0
LP001819,Male,Yes,1,Not Graduate,No,6608.0,0.0,137.0,180.0,1.0,Urban,1.0
LP001765,Male,Yes,1,Graduate,No,2491.0,2054.0,104.0,360.0,1.0,Semiurban,
,,Yes,0,Graduate,No,2483.0,2466.0,90.0,180.0,0.0,Rural,1.0
LP001977,Male,Yes,1,Graduate,No,1625.0,1803.0,96.0,360.0,1.0,Urban,1.0
,Male,Yes,1,Graduate,No,,1843.0,123.0,,1.0,Semiurban,1.0
LP001546,Male,No,,Graduate,No,2980.0,2083.0,120.0,360.0,1.0,Rural,1.0
